Data Source,World Development Indicators,,,,,,,,,,,,,,,,,,,,,,,,,,,,,,,,,,,,,,,,,,,,,,,,,,,,,,,,,,
Last Updated Date,11/04/2016,,,,,,,,,,,,,,,,,,,,,,,,,,,,,,,,,,,,,,,,,,,,,,,,,,,,,,,,,,
,,,,,,,,,,,,,,,,,,,,,,,,,,,,,,,,,,,,,,,,,,,,,,,,,,,,,,,,,,,
Country Name,Country Code,Indicator Name,Indicator Code,1960,1961,1962,1963,1964,1965,1966,1967,1968,1969,1970,1971,1972,1973,1974,1975,1976,1977,1978,1979,1980,1981,1982,1983,1984,1985,1986,1987,1988,1989,1990,1991,1992,1993,1994,1995,1996,1997,1998,1999,2000,2001,2002,2003,2004,2005,2006,2007,2008,2009,2010,2011,2012,2013,2014,2015
Aruba,ABW,"Intentional homicides (per 100,000 people)",VC.IHR.PSRC.P5,,,,,,,,,,,,,,,,,,,,,,,,,,,,,,,,,,,,,,,,,,,5.2634349176,4.1230737515,2.0254805453,11.9962811528,9.9176832292,5.9277408392,4.9336911904,3.9440730442,3.9371241277,,,,,
Andorra,AND,"Intentional homicides (per 100,000 people)",VC.IHR.PSRC.P5,,,,,,,,,,,,,,,,,,,,,,,,,,,,,,,,,,,,,,,,,,,,,1.3008130081,,,0,1.1836560769,1.1893151923,1.1762630124,1.280163861,0,0,,
Afghanistan,AFG,"Intentional homicides (per 100,000 people)",VC.IHR.PSRC.P5,,,,,,,,,,,,,,,,,,,,,,,,,,,,,,,,,,,,,,,,,,,,,,,,,,4.0240814024,3.46153429,4.1861317077,6.4508176266,,,
Angola,AGO,"Intentional homicides (per 100,000 people)",VC.IHR.PSRC.P5,,,,,,,,,,,,,,,,,,,,,,,,,,,,,,,,,,,,,,,,,,,,,,,,,,,,,10.8457750851,,,
Albania,ALB,"Intentional homicides (per 100,000 people)",VC.IHR.PSRC.P5,,,,,,,,,,,,,,,,,,,,,,,,,,,,,,,,,,,,6.6855517586,7.9676231777,49.8722145786,18.6097146608,16.1420237737,,,,,,4.8183271644,2.9878225787,3.3162551457,2.9462004785,2.697397963,4.0315630116,4.5646421417,5.073771447,4.0288228604,,
Arab World,ARB,"Intentional homicides (per 100,000 people)",VC.IHR.PSRC.P5,,,,,,,,,,,,,,,,,,,,,,,,,,,,,,,,,,,,,,,,,,,,,,,,,,,,,4.7,,,
United Arab Emirates,ARE,"Intentional homicides (per 100,000 people)",VC.IHR.PSRC.P5,,,,,,,,,,,,,,,,,,,,,,,,,,,,,,,,,,,,,,,,,,,,,,,,,,,0.7936943237,0.6129709437,0.7765241148,0.6136677249,,
Argentina,ARG,"Intentional homicides (per 100,000 people)",VC.IHR.PSRC.P5,,,,,,,,,,,,,,,,,,,,,,,,,,,,,,,,,,,,7.8123296522,8.5045211831,9.1418353373,7.2146833501,7.301381688,10.0072983094,9.5778859331,12.3048155281,10.1052369436,7.8206616818,7.3665150981,6.8455340508,7.0910342605,7.1756075316,7.3331659156,6.8360447002,6.8622901189,7.033633747,,,
Armenia,ARM,"Intentional homicides (per 100,000 people)",VC.IHR.PSRC.P5,,,,,,,,,,,,,,,,,,,,,,,,,,,,,,,,,,,,3.5989380651,3.5937374397,3.1899595386,2.9912183618,2.9120332981,,,,,2.743210389,1.923767719,2.6307805992,2.5753524721,3.2577797123,3.2680245028,1.8896600502,2.4098019909,2.2147248469,2.0181265452,,
American Samoa,ASM,"Intentional homicides (per 100,000 people)",VC.IHR.PSRC.P5,,,,,,,,,,,,,,,,,,,,,,,,,,,,,,,,,,,,,,,,,,,,,,,,,,,,,,,,
Antigua and Barbuda,ATG,"Intentional homicides (per 100,000 people)",VC.IHR.PSRC.P5,,,,,,,,,,,,,,,,,,,,,,,,,,,,,,,,,,,,,,,,,6.4393158871,8.8639011295,6.2476571286,6.1801641452,4.8948824005,3.6335008781,13.1788611068,20.1428960745,18.7465582491,18.539976825,6.8781309825,,11.2252538004,,,
Australia,AUS,"Intentional homicides (per 100,000 people)",VC.IHR.PSRC.P5,,,,,,,,,,,,,,,,,,,,,,,,,,,,,,,,,,,,1.7992742853,1.7030905143,1.7327792111,1.5212268796,1.8102275641,1.8796038937,1.780650812,1.8564897887,1.7090058242,1.493682933,1.2621379662,1.3467153063,1.2002104463,1.2058159135,1.1934396396,1.0310434231,1.08085413,1.109535356,1.0728045612,,
Austria,AUT,"Intentional homicides (per 100,000 people)",VC.IHR.PSRC.P5,,,,,,,,,,,,,,,,,,,,,,,,,,,,,,,,,,,,1.0333150865,1.243646099,0.8279440656,0.9653820274,0.7514376882,1.0224104898,0.8696257131,0.8032819381,0.6140754443,0.7201131383,0.6554508507,0.7369470073,0.5414209267,0.6952661605,0.6091944645,0.6903180748,0.9219586581,1.0235312738,0.7143091449,,
Azerbaijan,AZE,"Intentional homicides (per 100,000 people)",VC.IHR.PSRC.P5,,,,,,,,,,,,,,,,,,,,,,,,,,,,,,,,,,,,,,,,,2.78402541,2.6600200331,2.5604582157,2.1863357837,2.3744475423,2.2421006241,2.1927278527,2.0068135882,1.8923886439,1.8250071832,2.1331062711,,2.1789735781,2.3588477719,,
Burundi,BDI,"Intentional homicides (per 100,000 people)",VC.IHR.PSRC.P5,,,,,,,,,,,,,,,,,,,,,,,,,,,,,,,,,,,,,,,,,,,,,,,,,3.9539532575,4.2120889867,3.758358964,3.7131934056,4.6694315424,4.1943057991,,
Belgium,BEL,"Intentional homicides (per 100,000 people)",VC.IHR.PSRC.P5,,,,,,,,,,,,,,,,,,,,,,,,,,,,,,,,,,,,,,,,,2.0645905196,2.7376580888,3.0854140292,2.2147428111,2.5668096003,2.1031434858,2.0873216367,1.9760147398,1.8844153467,1.7399404057,1.7182620547,1.9234082398,1.7391919037,1.7643178172,,
Benin,BEN,"Intentional homicides (per 100,000 people)",VC.IHR.PSRC.P5,,,,,,,,,,,,,,,,,,,,,,,,,,,,,,,,,,,,,,,,,,,,,,,,,,,,,6.3284497254,,,
Burkina Faso,BFA,"Intentional homicides (per 100,000 people)",VC.IHR.PSRC.P5,,,,,,,,,,,,,,,,,,,,,,,,,,,,,,,,,,,,,,,,,,,,,,0.5811385234,0.6511237637,0.7586893641,0.8731452315,0.6492230159,0.585574884,0.5617071619,0.7205288533,,,
Bangladesh,BGD,"Intentional homicides (per 100,000 people)",VC.IHR.PSRC.P5,,,,,,,,,,,,,,,,,,,,,,,,,,,,,,,,,,,,,,,,,2.5252436552,2.7299143232,2.5568171222,2.4937855453,2.7627705831,2.5095158297,2.8757074113,2.6376330478,2.7701567305,2.8220150619,2.6388668092,2.5815378035,2.6459527778,2.792111396,,
Bulgaria,BGR,"Intentional homicides (per 100,000 people)",VC.IHR.PSRC.P5,,,,,,,,,,,,,,,,,,,,,,,,,,,,,,,,,,,,5.911478128,5.2943239166,4.854837907,4.6861831641,4.0535309043,,,,3.1638293607,3.1505925115,2.5900450642,2.4400316312,2.3402975034,2.2920479528,2.0144511353,1.9893966512,1.7483224647,1.9420919324,1.5001831436,,
Bahrain,BHR,"Intentional homicides (per 100,000 people)",VC.IHR.PSRC.P5,,,,,,,,,,,,,,,,,,,,,,,,,,,,,,,,,,,,,,,,,,1.2880161546,1.0920890435,0.388571843,0.8531331314,0.4547862846,0.7361052252,0.3874643654,0.5376161027,1.0910259756,0.8789361357,0.5450380437,,,,
"Bahamas, The",BHS,"Intentional homicides (per 100,000 people)",VC.IHR.PSRC.P5,,,,,,,,,,,,,,,,,,,,,,,,,,,,,,,,,,,,,,,,,24.8523134481,14.1911849639,16.8263552497,15.8416343497,13.6476426799,15.8012446519,18.1752090149,22.8037503399,20.956536717,24.5421617413,26.0750406382,34.5784649973,29.7047869666,,,
Bosnia and Herzegovina,BIH,"Intentional homicides (per 100,000 people)",VC.IHR.PSRC.P5,,,,,,,,,,,,,,,,,,,,,,,,,,,,,,,,,,,,,,,,,,,,,,,,,,1.842506681,1.4560851227,1.3216922201,1.6335281131,1.2192982355,,
Belarus,BLR,"Intentional homicides (per 100,000 people)",VC.IHR.PSRC.P5,,,,,,,,,,,,,,,,,,,,,,,,,,,,,,,,,,,,9.3437649981,9.4686302328,10.0055054779,10.1994514546,9.6363914464,10.1488159047,9.7679748125,10.0376885264,8.9839536775,8.3847814262,8.5362070724,7.6296529059,6.7707363974,5.6614824859,4.9654700374,5.1206028404,3.9661285469,3.6342707946,,,
Belize,BLZ,"Intentional homicides (per 100,000 people)",VC.IHR.PSRC.P5,,,,,,,,,,,,,,,,,,,,,,,,,,,,,,,,,,,,,,,,,17.1845791455,26.1013548234,34.5558971426,25.934212258,29.8068216118,29.7881729921,32.9766833342,33.8928566437,35.0884364865,32.2242007069,41.8023623195,39.4200330527,45.0947232332,,,
Bermuda,BMU,"Intentional homicides (per 100,000 people)",VC.IHR.PSRC.P5,,,,,,,,,,,,,,,,,,,,,,,,,,,,,,,,,,,,,6.4828771009,3.2263268269,0,3.1971864759,0,4.6867590394,1.5509353973,3.0882784392,1.530526348,3.0344409043,4.5156240592,4.4828977451,7.4198287504,8.8449915235,10.2541565956,11.6483932498,7.237984945,,,
Bolivia,BOL,"Intentional homicides (per 100,000 people)",VC.IHR.PSRC.P5,,,,,,,,,,,,,,,,,,,,,,,,,,,,,,,,,,,,,,,,,,,,,,6.9911314184,6.2832319138,8.1331429606,8.6433956627,8.355509623,10.3577958807,9.9568987239,12.0949749484,,,
Brazil,BRA,"Intentional homicides (per 100,000 people)",VC.IHR.PSRC.P5,,,,,,,,,,,,,,,,,,,,,,,,,,,,,,,,,,,,,,,,,,,,,,,,23.4872159228,23.9276532893,23.0077977508,22.1668797003,23.3241029319,26.5208317259,26.5425401366,,
Barbados,BRB,"Intentional homicides (per 100,000 people)",VC.IHR.PSRC.P5,,,,,,,,,,,,,,,,,,,,,,,,,,,,,,,,,,,,,,,7.5204650656,8.6220469489,7.485310079,9.318066613,9.2756118194,12.1841355171,8.0821439724,10.6006550474,12.7308373617,9.7728004865,9.0046608124,6.8098893931,11.055792522,9.5870363127,7.7748211325,8.4418132989,,
Brunei Darussalam,BRN,"Intentional homicides (per 100,000 people)",VC.IHR.PSRC.P5,,,,,,,,,,,,,,,,,,,,,,,,,,,,,,,,,,,,,,,,,,,,0.8482987369,0.5543283342,0.5437516143,0.8006469227,0.7864932886,0.2577206669,0.7606490872,0.2496448802,,,0.4735110595,,
Bhutan,BTN,"Intentional homicides (per 100,000 people)",VC.IHR.PSRC.P5,,,,,,,,,,,,,,,,,,,,,,,,,,,,,,,,,,,,,,,,,,,,,,,,,2.0226566439,1.4193617982,1.9527463285,2.9800217128,3.8478344786,2.4704466612,,
Botswana,BWA,"Intentional homicides (per 100,000 people)",VC.IHR.PSRC.P5,,,,,,,,,,,,,,,,,,,,,,,,,,,,,,,,,,,,,,,,,,11.9438203066,14.0963727545,17.0249732348,13.9642289292,15.5133396062,13.7662293823,14.6199822785,14.5315839582,14.8074898231,15.3858575026,,,,,
Central African Republic,CAF,"Intentional homicides (per 100,000 people)",VC.IHR.PSRC.P5,,,,,,,,,,,,,,,,,,,,,,,,,,,,,,,,,,,,,,,,,,,,,,,,,,,,,13.6489154608,,,
Canada,CAN,"Intentional homicides (per 100,000 people)",VC.IHR.PSRC.P5,,,,,,,,,,,,,,,,,,,,,,,,,,,,,,,,,,,,1.8360463819,1.9437349906,1.7520795979,1.6802831589,1.5863704841,1.5929674883,1.7846315662,1.6717946757,1.7378020147,1.723377268,1.8416838919,1.7141463747,1.634036167,1.6631755962,1.599875897,1.4417058545,1.5380224944,1.5630475708,1.4393682936,,
Central Europe and the Baltics,CEB,"Intentional homicides (per 100,000 people)",VC.IHR.PSRC.P5,,,,,,,,,,,,,,,,,,,,,,,,,,,,,,,,,,,,,,,,,,,,,,,,,,,,,1.6,,,
Switzerland,CHE,"Intentional homicides (per 100,000 people)",VC.IHR.PSRC.P5,,,,,,,,,,,,,,,,,,,,,,,,,,,,,,,,,,,,1.1683071884,1.175477056,1.2269968068,1.0684739998,1.247067989,0.9629365714,1.1943145627,1.1875974503,1.0014982688,1.062005172,1.0123359206,0.8019067203,0.6741829696,0.7055999285,0.65867917,0.6640670994,0.5858304173,0.5682161394,0.7261853557,,
Channel Islands,CHI,"Intentional homicides (per 100,000 people)",VC.IHR.PSRC.P5,,,,,,,,,,,,,,,,,,,,,,,,,,,,,,,,,,,,,,,,,,,,,,,,,,,,,,,,
Chile,CHL,"Intentional homicides (per 100,000 people)",VC.IHR.PSRC.P5,,,,,,,,,,,,,,,,,,,,,,,,,,,,,,,,,,,,,,,,,,,,3.2071203323,,3.5255774832,3.5747761372,3.695506576,3.49351537,3.7076862514,3.1543791645,3.6680598412,3.1414135434,,,
China,CHN,"Intentional homicides (per 100,000 people)",VC.IHR.PSRC.P5,,,,,,,,,,,,,,,,,,,,,,,,,,,,,,,,,,,,,,,,,,,2.0285303264,1.8723371151,1.885739371,1.575661129,1.3552801978,1.2080097734,1.1030491072,1.085441372,0.9861588705,0.8792133267,0.8211077978,,,
Cote d'Ivoire,CIV,"Intentional homicides (per 100,000 people)",VC.IHR.PSRC.P5,,,,,,,,,,,,,,,,,,,,,,,,,,,,,,,,,,,,,,,,,,,,,,,,,,,,,12.4367206311,,,
Cameroon,CMR,"Intentional homicides (per 100,000 people)",VC.IHR.PSRC.P5,,,,,,,,,,,,,,,,,,,,,,,,,,,,,,,,,,,,,,,,,,,,,,,,,3.1589649332,5.1283467001,3.5201121316,2.5988498728,2.7702013007,,,
"Congo, Rep.",COG,"Intentional homicides (per 100,000 people)",VC.IHR.PSRC.P5,,,,,,,,,,,,,,,,,,,,,,,,,,,,,,,,,,,,,,,,,,,,,,,,,,,,,10.5417100263,,,
Colombia,COL,"Intentional homicides (per 100,000 people)",VC.IHR.PSRC.P5,,,,,,,,,,,,,,,,,,,,,,,,,,,,,,,,,,,,69.6726338113,71.7868996641,67.1845498884,60.0846549499,62.2924485456,66.5196517197,68.6413412991,68.8732303605,53.7972214449,44.7614953697,39.565556023,36.7666430132,34.6596809458,33.0232493553,33.7404714116,32.3243950808,33.5423964742,30.7103964884,31.8415370563,,
Comoros,COM,"Intentional homicides (per 100,000 people)",VC.IHR.PSRC.P5,,,,,,,,,,,,,,,,,,,,,,,,,,,,,,,,,,,,,,,,,,,,,,,,,,,,,8.0131057092,,,
Cabo Verde,CPV,"Intentional homicides (per 100,000 people)",VC.IHR.PSRC.P5,,,,,,,,,,,,,,,,,,,,,,,,,,,,,,,,,,,,,,,,,,,,,,,,5.9952905959,7.0153574428,7.8235340138,7.9983429074,10.6279801868,11.1313642107,10.6407646332,,
Costa Rica,CRI,"Intentional homicides (per 100,000 people)",VC.IHR.PSRC.P5,,,,,,,,,,,,,,,,,,,,,,,,,,,,,,,,,,,,5.3042476069,5.3133244965,5.7561639608,5.988379336,6.3943558456,6.3365421515,6.4034077092,6.3021515252,7.1922697485,6.5939200289,7.7543962797,7.9909063031,8.2675625209,11.2956683098,11.4095114904,11.2855578053,9.9706345117,8.4307094556,8.3856711616,,
Caribbean small states,CSS,"Intentional homicides (per 100,000 people)",VC.IHR.PSRC.P5,,,,,,,,,,,,,,,,,,,,,,,,,,,,,,,,,,,,,,,,,,,,,,,,,,,,,29,,,
Cuba,CUB,"Intentional homicides (per 100,000 people)",VC.IHR.PSRC.P5,,,,,,,,,,,,,,,,,,,,,,,,,,,,,,,,,,,,,,,,,,5.4136449803,5.8954034137,5.7087339895,5.8545085437,6.0573439185,5.0968489793,5.0258041419,4.5589927016,5.0049491417,4.4762487582,4.7088296621,,,,
Curacao,CUW,"Intentional homicides (per 100,000 people)",VC.IHR.PSRC.P5,,,,,,,,,,,,,,,,,,,,,,,,,,,,,,,,,,,,,,,,,,,,,,,,,,,,,,,,
Cayman Islands,CYM,"Intentional homicides (per 100,000 people)",VC.IHR.PSRC.P5,,,,,,,,,,,,,,,,,,,,,,,,,,,,,,,,,,,,,,,2.8,,9.5957778577,4.6171249163,0,6.5172054223,12.6852576164,,1.9989605405,3.885607709,7.5597218022,14.7397512667,,,,,,
Cyprus,CYP,"Intentional homicides (per 100,000 people)",VC.IHR.PSRC.P5,,,,,,,,,,,,,,,,,,,,,,,,,,,,,,,,,,,,,,,,,,,,,1.5750821996,1.9368846759,1.4308689954,1.2228446188,0.8355855459,1.7422353613,0.7248444982,0.7998502163,2.0152058352,1.0367756742,,
Czech Republic,CZE,"Intentional homicides (per 100,000 people)",VC.IHR.PSRC.P5,,,,,,,,,,,,,,,,,,,,,,,,,,,,,,,,,,,,1.7055359274,1.6779799372,1.8162421387,1.6928199238,1.6763585205,1.7657850944,1.3878796083,1.4587720664,1.597436888,1.3127136711,1.0556479953,1.2652183874,1.2188301127,1.0949077569,0.8963962392,0.9759609449,0.8191767866,0.9971659723,0.9279126125,,
Germany,DEU,"Intentional homicides (per 100,000 people)",VC.IHR.PSRC.P5,,,,,,,,,,,,,,,,,,,,,,,,,,,,,,,,,,,,1.7161108178,1.6812583959,1.5365737532,1.2118935525,1.2387428485,1.2153875148,1.1066782698,1.1411820208,1.0252006004,1.0351961441,1.0365478172,0.9648878505,0.9057321406,0.8659198855,0.8487334168,0.8311510199,0.7951174745,0.6946453286,0.7034824666,,
Djibouti,DJI,"Intentional homicides (per 100,000 people)",VC.IHR.PSRC.P5,,,,,,,,,,,,,,,,,,,,,,,,,,,,,,,,,,,,,,,,,,,,,,,,,,,,,7.0207454838,,,
Dominica,DMA,"Intentional homicides (per 100,000 people)",VC.IHR.PSRC.P5,,,,,,,,,,,,,,,,,,,,,,,,,,,,,,,,,,,,,,,,,2.870305257,1.4355440712,12.892874538,11.4191098804,11.3757554213,11.3407615321,7.0731362286,9.8877039339,9.8754285231,18.3108907544,21.0771846502,8.4042880206,,,,
Denmark,DNK,"Intentional homicides (per 100,000 people)",VC.IHR.PSRC.P5,,,,,,,,,,,,,,,,,,,,,,,,,,,,,,,,,,,,1.146490097,1.3129819857,1.6674334334,0.9245895341,0.977353957,1.0864916678,0.9711123943,1.0430259374,1.2075380844,0.7965089937,0.9782763583,0.532997802,0.7132992449,0.9825141591,0.8507669664,0.7566260172,0.7915960785,0.7168944875,0.7498857836,,
Dominican Republic,DOM,"Intentional homicides (per 100,000 people)",VC.IHR.PSRC.P5,,,,,,,,,,,,,,,,,,,,,,,,,,,,,,,,,,,,12.7205747022,12.8122870826,12.6730332991,13.4659830768,12.6032079775,13.9667690165,12.4441745239,14.3140754366,20.9671847024,24.3174259282,25.6224686574,22.6177778054,21.9552439596,24.5533550867,24.0280890891,24.6985139062,24.7448609955,22.038252732,,,
Algeria,DZA,"Intentional homicides (per 100,000 people)",VC.IHR.PSRC.P5,,,,,,,,,,,,,,,,,,,,,,,,,,,,,,,,,,,,,,,,,,,,1.9694915458,1.3418468385,0.6006907414,0.9041587652,0.7721448214,0.9181148739,0.7613382645,0.6853229193,0.7500344665,1.3813330376,1.2502495065,,
East Asia & Pacific (developing only),EAP,"Intentional homicides (per 100,000 people)",VC.IHR.PSRC.P5,,,,,,,,,,,,,,,,,,,,,,,,,,,,,,,,,,,,,,,,,,,,,,,,,,,,,2.1,,,
East Asia & Pacific (all income levels),EAS,"Intentional homicides (per 100,000 people)",VC.IHR.PSRC.P5,,,,,,,,,,,,,,,,,,,,,,,,,,,,,,,,,,,,,,,,,,,,,,,,,,,,,2,,,
Europe & Central Asia (developing only),ECA,"Intentional homicides (per 100,000 people)",VC.IHR.PSRC.P5,,,,,,,,,,,,,,,,,,,,,,,,,,,,,,,,,,,,,,,,,,,,,,,,,,,,,3.6,,,
Europe & Central Asia (all income levels),ECS,"Intentional homicides (per 100,000 people)",VC.IHR.PSRC.P5,,,,,,,,,,,,,,,,,,,,,,,,,,,,,,,,,,,,,,,,,,,,,,,,,,,,,3.1,,,
Ecuador,ECU,"Intentional homicides (per 100,000 people)",VC.IHR.PSRC.P5,,,,,,,,,,,,,,,,,,,,,,,,,,,,,,,,,,,,,,,,,14.6252874491,12.9725138408,14.627736014,14.5860564529,17.6656362205,15.3950775383,17.0071629036,15.9303108822,17.9639455963,17.7888626675,17.585409896,15.3735376719,12.4125830176,,,
"Egypt, Arab Rep.",EGY,"Intentional homicides (per 100,000 people)",VC.IHR.PSRC.P5,,,,,,,,,,,,,,,,,,,,,,,,,,,,,,,,,,,,,,,,,,,,0.6783569021,0.4561469398,0.727245593,0.75215006,0.9160768894,1.2809317532,1.187886326,2.3554062048,3.4178538304,,,,
Euro area,EMU,"Intentional homicides (per 100,000 people)",VC.IHR.PSRC.P5,,,,,,,,,,,,,,,,,,,,,,,,,,,,,,,,,,,,,,,,,,,,,,,,,,,,,1.1,,,
Eritrea,ERI,"Intentional homicides (per 100,000 people)",VC.IHR.PSRC.P5,,,,,,,,,,,,,,,,,,,,,,,,,,,,,,,,,,,,,,,,,,,,,,,,,,,,,7.7558354473,,,
Spain,ESP,"Intentional homicides (per 100,000 people)",VC.IHR.PSRC.P5,,,,,,,,,,,,,,,,,,,,,,,,,,,,,,,,,,,,1.0424372396,1.0045671621,1.1689365243,1.3137352556,1.2165538434,1.3727933898,1.4157190203,1.3640737511,1.3970913463,1.2175048825,1.193892883,1.0808734984,1.0791672868,0.941574194,0.8720498515,0.8444841694,0.8233045192,0.7601518257,0.6260567653,,
Estonia,EST,"Intentional homicides (per 100,000 people)",VC.IHR.PSRC.P5,,,,,,,,,,,,,,,,,,,,,,,,,,,,,,,,,,,,17.0749144519,15.0733204341,12.685399248,14.0965208923,11.3771248774,10.4676246617,10.0991560202,10.5366728155,10.9746291956,6.83220114,8.5275810648,6.8997257549,7.0822716272,6.4228678564,5.3723622661,5.3906985806,5.0473990301,4.9176957968,4.0804041061,,
Ethiopia,ETH,"Intentional homicides (per 100,000 people)",VC.IHR.PSRC.P5,,,,,,,,,,,,,,,,,,,,,,,,,,,,,,,,,,,,,,,,,,,,,,,,,,,,,8.0524549609,,,
European Union,EUU,"Intentional homicides (per 100,000 people)",VC.IHR.PSRC.P5,,,,,,,,,,,,,,,,,,,,,,,,,,,,,,,,,,,,,,,,,,,,,,,,,,,,,1.1,,,
Fragile and conflict affected situations,FCS,"Intentional homicides (per 100,000 people)",VC.IHR.PSRC.P5,,,,,,,,,,,,,,,,,,,,,,,,,,,,,,,,,,,,,,,,,,,,,,,,,,,,,12.5,,,
Finland,FIN,"Intentional homicides (per 100,000 people)",VC.IHR.PSRC.P5,,,,,,,,,,,,,,,,,,,,,,,,,,,,,,,,,,,,2.8583723488,2.9852627529,2.7046711227,2.1937385654,2.7702467747,2.8590846061,3.006747836,2.5383351098,1.9757489287,2.8307263873,2.2682358538,2.2590002652,2.4375215055,2.5008005382,2.2455396565,2.1797073715,2.0466478403,1.6314401987,1.7179680532,,
Fiji,FJI,"Intentional homicides (per 100,000 people)",VC.IHR.PSRC.P5,,,,,,,,,,,,,,,,,,,,,,,,,,,,,,,,,,,,,,,,,,,,,,,,2.6334942159,3.5551299933,2.4634037906,2.7888848992,,3.0142159382,,,
France,FRA,"Intentional homicides (per 100,000 people)",VC.IHR.PSRC.P5,,,,,,,,,,,,,,,,,,,,,,,,,,,,,,,,,,,,2.3096404618,2.0169635071,1.6526395666,1.6428434985,1.6220842567,1.7749451912,1.7566903645,1.8635171683,1.6306599762,1.6228833237,1.5884131252,1.4212896808,1.5961838956,1.632225953,1.3023086418,1.258878852,1.3421853536,1.2214626952,1.2028963075,,
Faroe Islands,FRO,"Intentional homicides (per 100,000 people)",VC.IHR.PSRC.P5,,,,,,,,,,,,,,,,,,,,,,,,,,,,,,,,,,,,,,,,,,,,,,,,,,,,,,,,
"Micronesia, Fed. Sts.",FSM,"Intentional homicides (per 100,000 people)",VC.IHR.PSRC.P5,,,,,,,,,,,,,,,,,,,,,,,,,,,,,,,,,,,,,,,,,,,,,,,,,,,,,4.8520328474,,,
Gabon,GAB,"Intentional homicides (per 100,000 people)",VC.IHR.PSRC.P5,,,,,,,,,,,,,,,,,,,,,,,,,,,,,,,,,,,,,,,,,,,,,,,,,,,,,9.4099937308,,,
United Kingdom,GBR,"Intentional homicides (per 100,000 people)",VC.IHR.PSRC.P5,,,,,,,,,,,,,,,,,,,,,,,,,,,,,,,,,,,,1.468637853,1.320754717,1.4332816137,1.4501160093,1.4749773747,1.6997039123,1.7555487421,2.0207990192,1.740428156,1.638767115,1.4861154194,1.4236012668,1.431843276,1.239131977,1.1571973698,1.2132177903,1.0374491676,1.0290498266,0.9571371682,,
Georgia,GEO,"Intentional homicides (per 100,000 people)",VC.IHR.PSRC.P5,,,,,,,,,,,,,,,,,,,,,,,,,,,,,,,,,,,,7.7131436505,5.4082898266,5.7873084934,4.9962024749,5.0778957533,5.0383770439,5.6169096745,6.3178342291,6.6156429726,6.5998121933,9.0049708333,7.2649049759,7.4558124497,5.9603372418,4.7715419783,4.2609681193,,,,,
Ghana,GHA,"Intentional homicides (per 100,000 people)",VC.IHR.PSRC.P5,,,,,,,,,,,,,,,,,,,,,,,,,,,,,,,,,,,,,,,,,,2.2442917243,2.0266540896,2.1476048837,2.1693729274,1.8378197491,1.8771831081,1.7713133276,1.8606551869,1.80233166,1.7392808881,1.709705451,,,,
Guinea,GIN,"Intentional homicides (per 100,000 people)",VC.IHR.PSRC.P5,,,,,,,,,,,,,,,,,,,,,,,,,,,,,,,,,,,,,,,,,,,,,,,,,,,,,9.027547407,,,
"Gambia, The",GMB,"Intentional homicides (per 100,000 people)",VC.IHR.PSRC.P5,,,,,,,,,,,,,,,,,,,,,,,,,,,,,,,,,,,,,,,,,,,,,,,,,,,,,9.6032686696,,,
Guinea-Bissau,GNB,"Intentional homicides (per 100,000 people)",VC.IHR.PSRC.P5,,,,,,,,,,,,,,,,,,,,,,,,,,,,,,,,,,,,,,,,,,,,,,,,,,,,,10.2867470868,,,
Equatorial Guinea,GNQ,"Intentional homicides (per 100,000 people)",VC.IHR.PSRC.P5,,,,,,,,,,,,,,,,,,,,,,,,,,,,,,,,,,,,,,,,,,,,,,,,,,,,,3.5642648797,,,
Greece,GRC,"Intentional homicides (per 100,000 people)",VC.IHR.PSRC.P5,,,,,,,,,,,,,,,,,,,,,,,,,,,,,,,,,,,,1.4149428649,1.5714146107,1.8753070469,1.616962822,1.4171283457,0.7372427648,1.1985910018,0.8525027031,1.1059010882,1.005862821,1.1954743688,0.9952486828,1.1746757262,1.299279811,1.369597759,1.5841585584,1.6553000061,1.4918871483,1.3736899913,,
Grenada,GRD,"Intentional homicides (per 100,000 people)",VC.IHR.PSRC.P5,,,,,,,,,,,,,,,,,,,,,,,,,,,,,,,,,,,,,,,,,14.7608738437,5.891074041,13.7121813142,8.7917240571,5.8448200282,10.6846946606,11.6211504939,10.6191956442,15.3946811377,6.7116667945,9.5531969774,3.8146079719,13.312336724,,,
Greenland,GRL,"Intentional homicides (per 100,000 people)",VC.IHR.PSRC.P5,,,,,,,,,,,,,,,,,,,,,,,,,,,,,,,,,,,,19.7781253933,5.3901575723,19.7337734563,10.739792722,19.6351433365,23.1423790366,30.1755507038,21.2261647858,8.8133681168,19.3386192226,17.5583375766,17.5669740887,3.5200732175,10.5866784296,19.4452792165,10.6108301206,1.7594426086,,,,
Guatemala,GTM,"Intentional homicides (per 100,000 people)",VC.IHR.PSRC.P5,,,,,,,,,,,,,,,,,,,,,,,,,,,,,,,,,,,,32.5489794747,35.3196220849,38.1433409197,30.8677838628,24.1928561548,25.9188911856,28.1383787973,30.8607925827,35.1244131251,36.4414042918,42.1013810404,45.2853453852,43.4076434245,46.1009559647,46.4508226042,41.5574968888,38.9211114979,34.5742477681,,,
Guam,GUM,"Intentional homicides (per 100,000 people)",VC.IHR.PSRC.P5,,,,,,,,,,,,,,,,,,,,,,,,,,,,,,,,,,,,,,,,,1.2875978574,5.1145335865,1.2719328928,5.0689696686,5.6892170373,4.4191640204,6.9431732827,0.631588255,0.6316720359,3.1521677458,1.8815855494,2.5045032676,,,,
Guyana,GUY,"Intentional homicides (per 100,000 people)",VC.IHR.PSRC.P5,,,,,,,,,,,,,,,,,,,,,,,,,,,,,,,,,,,,14.9729593848,12.0714961796,11.9220054183,15.4697463783,12.4402594136,9.9399439333,10.5663425876,18.9174678836,27.3350212045,17.3065464985,18.6637295389,19.9904098295,14.9271748569,20.3676752103,14.9797389428,17.8088499808,16.4967672681,17.5459000573,19.4630081843,,
High income,HIC,"Intentional homicides (per 100,000 people)",VC.IHR.PSRC.P5,,,,,,,,,,,,,,,,,,,,,,,,,,,,,,,,,,,,,,,,,,,,,,,,,,,,,4.1,,,
"Hong Kong SAR, China",HKG,"Intentional homicides (per 100,000 people)",VC.IHR.PSRC.P5,,,,,,,,,,,,,,,,,,,,,,,,,,,,,,,,,,,,,,,,,0.5559374781,0.9575275594,0.9982524795,0.7528996409,0.6525027177,0.4929904015,0.5064631206,0.2595624239,0.5166574673,0.6707645146,0.4964881267,0.2420116328,0.3834951685,0.8786155626,,
Honduras,HND,"Intentional homicides (per 100,000 people)",VC.IHR.PSRC.P5,,,,,,,,,,,,,,,,,,,,,,,,,,,,,,,,,,,,,,,,42.0842525751,50.9336689995,54.7993414024,55.7744918602,61.4498328423,53.8120491078,46.558653104,44.3059595068,49.9830325157,60.8409738489,70.6842070597,81.8243416657,91.7865007654,91.03941794,84.2927313738,,
Heavily indebted poor countries (HIPC),HPC,"Intentional homicides (per 100,000 people)",VC.IHR.PSRC.P5,,,,,,,,,,,,,,,,,,,,,,,,,,,,,,,,,,,,,,,,,,,,,,,,,,,,,12.6,,,
Croatia,HRV,"Intentional homicides (per 100,000 people)",VC.IHR.PSRC.P5,,,,,,,,,,,,,,,,,,,,,,,,,,,,,,,,,,,,3.5553644131,2.619877656,2.5511362285,2.8585506232,2.6651735821,2.2568818697,1.8215390926,1.649308262,1.5188025489,1.8864896882,1.5038083948,1.553007456,1.3960928168,1.5366528398,1.1264549085,1.4292211644,1.1343020773,1.1840297335,1.0710597876,,
Haiti,HTI,"Intentional homicides (per 100,000 people)",VC.IHR.PSRC.P5,,,,,,,,,,,,,,,,,,,,,,,,,,,,,,,,,,,,,,,,,,,,,,,,5.1084150732,5.1669104003,6.1238159812,6.840871428,9.107930414,10.1612024649,,,
Hungary,HUN,"Intentional homicides (per 100,000 people)",VC.IHR.PSRC.P5,,,,,,,,,,,,,,,,,,,,,,,,,,,,,,,,,,,,2.8650513391,2.6274983898,2.8081857546,2.815397046,2.4713253005,2.0050639112,2.4911412467,1.9963434462,2.2480234402,2.0656517497,1.6244114975,1.7267014633,1.5306955142,1.8017017222,1.4654430583,1.6276183061,1.7430557256,1.4254520925,2.6657185354,,
Indonesia,IDN,"Intentional homicides (per 100,000 people)",VC.IHR.PSRC.P5,,,,,,,,,,,,,,,,,,,,,,,,,,,,,,,,,,,,,,,,,1.0548548551,,,0.7494993585,0.6412289993,,,,0.5857153195,0.5520304628,0.4395942545,0.6018524854,0.5896329963,0.5541360293,,
Isle of Man,IMN,"Intentional homicides (per 100,000 people)",VC.IHR.PSRC.P5,,,,,,,,,,,,,,,,,,,,,,,,,,,,,,,,,,,,,,,,,,,,,,,,,,,,,,,,
India,IND,"Intentional homicides (per 100,000 people)",VC.IHR.PSRC.P5,,,,,,,,,,,,,,,,,,,,,,,,,,,,,,,,,,,,4.3662627796,4.3950798461,4.3524706946,4.4732735338,4.2334024042,4.5447316508,4.2932479354,4.1659479505,3.6596712806,3.7763383823,3.6557899012,3.6234046963,3.5821905059,3.5668973787,3.4905193844,3.5084717346,3.5744759588,3.4962700538,3.3416967846,,
Not classified,INX,"Intentional homicides (per 100,000 people)",VC.IHR.PSRC.P5,,,,,,,,,,,,,,,,,,,,,,,,,,,,,,,,,,,,,,,,,,,,,,,,,,,,,,,,
Ireland,IRL,"Intentional homicides (per 100,000 people)",VC.IHR.PSRC.P5,,,,,,,,,,,,,,,,,,,,,,,,,,,,,,,,,,,,1.1908197215,1.1543354779,1.0354618432,1.0251742324,1.0130780377,0.9727265868,1.3451155105,1.3211801696,1.1220120818,0.7342521275,1.2506006491,1.4670722727,1.8179542561,1.1489876155,1.2697197683,1.1863296327,0.9226511357,1.1688867519,1.1093425932,,
"Iran, Islamic Rep.",IRN,"Intentional homicides (per 100,000 people)",VC.IHR.PSRC.P5,,,,,,,,,,,,,,,,,,,,,,,,,,,,,,,,,,,,,,,,,,,,,,,,,,,,,4.7722564881,,,
Iraq,IRQ,"Intentional homicides (per 100,000 people)",VC.IHR.PSRC.P5,,,,,,,,,,,,,,,,,,,,,,,,,,,,,,,,,,,,,,,,,,,,,,33.6267117214,29.4825113726,65.3987055955,15.1275088958,8.1490030285,8.2454901723,7.9665689518,,,,
Iceland,ISL,"Intentional homicides (per 100,000 people)",VC.IHR.PSRC.P5,,,,,,,,,,,,,,,,,,,,,,,,,,,,,,,,,,,,0,0.370207205,0.7330410943,0,0.7183830634,1.7780053625,0.3520432591,1.3940730982,0,1.0232970631,1.0109690138,0,0.6558301662,0,0.3186702528,0.6288477622,0.9364897085,0.3085892623,0.3050961993,,
Israel,ISR,"Intentional homicides (per 100,000 people)",VC.IHR.PSRC.P5,,,,,,,,,,,,,,,,,,,,,,,,,,,,,,,,,,,,2.1004940099,2.1324005691,2.7704840444,2.5498190409,2.3250422666,2.4444141064,3.6380899864,3.6384280837,3.0714552807,2.6745598648,2.5137510511,2.6928012398,1.8037341048,1.9136526169,1.7597394706,1.9540809836,2.008635828,1.7493553139,,,
Italy,ITA,"Intentional homicides (per 100,000 people)",VC.IHR.PSRC.P5,,,,,,,,,,,,,,,,,,,,,,,,,,,,,,,,,,,,1.7764346777,1.6737403418,1.5345861979,1.5408558455,1.4154175402,1.344187796,1.2395054405,1.1199717572,1.2424824412,1.2356894292,1.0396807805,1.0579185704,1.0607626177,1.0271601177,0.9797358413,0.8742504294,0.9060300571,0.864648734,0.8140363861,,
Jamaica,JAM,"Intentional homicides (per 100,000 people)",VC.IHR.PSRC.P5,,,,,,,,,,,,,,,,,,,,,,,,,,,,,,,,,,,,31.6877891511,37.2282538701,41.3732573309,33.9049949675,33.3854182345,34.3503010395,43.7245148268,39.7835167563,36.8325377505,55.1829176795,62.4126400137,49.6990794915,58.4531444321,59.5101921319,61.6193958222,52.5992299794,40.9458544282,39.0621655269,42.8813591301,,
Jordan,JOR,"Intentional homicides (per 100,000 people)",VC.IHR.PSRC.P5,,,,,,,,,,,,,,,,,,,,,,,,,,,,,,,,,,,,,,,,,,,,,,1.2787682294,1.8419951312,1.9802484363,2.0300439741,1.6501364517,1.7971807192,2.1978722975,2.4454274455,,,
Japan,JPN,"Intentional homicides (per 100,000 people)",VC.IHR.PSRC.P5,,,,,,,,,,,,,,,,,,,,,,,,,,,,,,,,,,,,0.5438330044,0.4935304804,0.5412035316,0.5713117694,0.5369165198,,,,0.5508853815,0.5513796762,0.5063839262,0.4868801147,0.451084609,0.5073852276,0.397321232,0.3651273309,0.3458377172,0.3344379873,0.2887327656,,
Kazakhstan,KAZ,"Intentional homicides (per 100,000 people)",VC.IHR.PSRC.P5,,,,,,,,,,,,,,,,,,,,,,,,,,,,,,,,,,,,15.3649540781,16.7063971309,16.6680809672,16.5802074249,15.7402297198,15.951267745,14.8359239535,13.4512392236,13.5003608007,14.0312480121,11.9755009397,11.3546728945,10.7560090919,11.6069236616,11.2490497697,9.7166488277,9.9316944586,9.0182481301,7.8200382805,,
Kenya,KEN,"Intentional homicides (per 100,000 people)",VC.IHR.PSRC.P5,,,,,,,,,,,,,,,,,,,,,,,,,,,,,,,,,,,,,,,,,,,,,4.004638376,3.5209577184,3.4986059171,3.3931703877,3.6442625162,5.5694031754,5.4730973189,6.3365898957,6.47501289,6.6004459562,,
Kyrgyz Republic,KGZ,"Intentional homicides (per 100,000 people)",VC.IHR.PSRC.P5,,,,,,,,,,,,,,,,,,,,,,,,,,,,,,,,,,,,11.6503543559,11.1401719107,9.263043642,8.8103535128,8.8387820444,8.6783656417,7.7383212494,8.214424049,8.4041111874,8.3676840044,8.3095664528,8.3044383484,8.2971436985,8.2543271723,7.9578851246,20.096647628,9.3096696311,6.4959939808,5.37454768,,
Cambodia,KHM,"Intentional homicides (per 100,000 people)",VC.IHR.PSRC.P5,,,,,,,,,,,,,,,,,,,,,,,,,,,,,,,,,,,,3.5544070036,4.7299652374,6.7597592639,6.6159814078,4.7527840598,,3.2631564938,3.3439984591,3.9352518859,3.8861130094,3.3541912117,3.3197949636,3.3315661969,2.4604537651,2.4957182172,2.3042226934,1.8371019881,,,,
Kiribati,KIR,"Intentional homicides (per 100,000 people)",VC.IHR.PSRC.P5,,,,,,,,,,,,,,,,,,,,,,,,,,,,,,,,,,,,,,,,,,,,,,,,,7.3814746077,1.0387236164,4.0923646706,11.0722616055,7.9327840782,,,
St. Kitts and Nevis,KNA,"Intentional homicides (per 100,000 people)",VC.IHR.PSRC.P5,,,,,,,,,,,,,,,,,,,,,,,,,,,,,,,,,,,,9.2762227221,9.1503866038,15.8006410546,17.8221350918,13.1929022186,6.5870367118,12.9830787207,10.6532577662,20.9735942448,22.7174159972,16.2803475854,34.1207875881,31.6969769008,45.0009782821,52.1930757186,40.1130806846,63.9527666069,33.4250440012,,,
"Korea, Rep.",KOR,"Intentional homicides (per 100,000 people)",VC.IHR.PSRC.P5,,,,,,,,,,,,,,,,,,,,,,,,,,,,,,,,,,,,,,,,,,,,,,,,,,,,0.8785539182,0.8413618899,,,
Kosovo,KSV,"Intentional homicides (per 100,000 people)",VC.IHR.PSRC.P5,,,,,,,,,,,,,,,,,,,,,,,,,,,,,,,,,,,,,,,,,,,,,,,,,6.2953207382,4.0446843429,5.8400659377,3.3960842054,4.900548807,2.2189653343,,
Kuwait,KWT,"Intentional homicides (per 100,000 people)",VC.IHR.PSRC.P5,,,,,,,,,,,,,,,,,,,,,,,,,,,,,,,,,,,,,,,,,,,,,,,,2.3092699576,1.4062506361,1.719236715,2.0056291324,1.9525046064,1.9485512825,,,
Latin America & Caribbean (developing only),LAC,"Intentional homicides (per 100,000 people)",VC.IHR.PSRC.P5,,,,,,,,,,,,,,,,,,,,,,,,,,,,,,,,,,,,,,,,,,,,,,,,,,,,,23.6,,,
Lao PDR,LAO,"Intentional homicides (per 100,000 people)",VC.IHR.PSRC.P5,,,,,,,,,,,,,,,,,,,,,,,,,,,,,,,,,,,,,,,,,,,,,,,,,,,,,7.2343059727,,,
Lebanon,LBN,"Intentional homicides (per 100,000 people)",VC.IHR.PSRC.P5,,,,,,,,,,,,,,,,,,,,,,,,,,,,,,,,,,,,,,,,,,,,,,,,,4.371623339,3.0610390014,3.2710663584,3.5223491251,4.1688685172,4.6802933225,,
Liberia,LBR,"Intentional homicides (per 100,000 people)",VC.IHR.PSRC.P5,,,,,,,,,,,,,,,,,,,,,,,,,,,,,,,,,,,,,,,,,,,,,,,,2.8390588633,4.8193243471,3.7943811757,3.2592300637,4.0477026442,3.3076786289,,,
Libya,LBY,"Intentional homicides (per 100,000 people)",VC.IHR.PSRC.P5,,,,,,,,,,,,,,,,,,,,,,,,,,,,,,,,,,,,,,,,,,,,,,,,,,,,,2.5246195209,,,
St. Lucia,LCA,"Intentional homicides (per 100,000 people)",VC.IHR.PSRC.P5,,,,,,,,,,,,,,,,,,,,,,,,,,,,,,,,,,,,,,,,,14.6544418888,21.4308225654,26.2144466567,22.2543674196,22.6355071577,24.7873427364,25.6474489735,17.0438850654,22.5780680121,22.2602739726,24.8031251938,,21.5745336016,,,
Latin America & Caribbean (all income levels),LCN,"Intentional homicides (per 100,000 people)",VC.IHR.PSRC.P5,,,,,,,,,,,,,,,,,,,,,,,,,,,,,,,,,,,,,,,,,,,,,,,,,,,,,23.2,,,
Least developed countries: UN classification,LDC,"Intentional homicides (per 100,000 people)",VC.IHR.PSRC.P5,,,,,,,,,,,,,,,,,,,,,,,,,,,,,,,,,,,,,,,,,,,,,,,,,,,,,10,,,
Low income,LIC,"Intentional homicides (per 100,000 people)",VC.IHR.PSRC.P5,,,,,,,,,,,,,,,,,,,,,,,,,,,,,,,,,,,,,,,,,,,,,,,,,,,,,11.5,,,
Liechtenstein,LIE,"Intentional homicides (per 100,000 people)",VC.IHR.PSRC.P5,,,,,,,,,,,,,,,,,,,,,,,,,,,,,,,,,,,,0,0,0,0,3.0797659378,0,0,0,0,2.8923468502,0,0,0,2.808988764,0,2.7672468661,0,0,0,,
Sri Lanka,LKA,"Intentional homicides (per 100,000 people)",VC.IHR.PSRC.P5,,,,,,,,,,,,,,,,,,,,,,,,,,,,,,,,,,,,,,,,,,,,6.7172704459,6.9765398774,6.119904722,10.1551528586,8.1913467067,9.7885884909,5.3345208103,3.6755533647,3.4793244747,3.1837140821,2.7907986197,,
Lower middle income,LMC,"Intentional homicides (per 100,000 people)",VC.IHR.PSRC.P5,,,,,,,,,,,,,,,,,,,,,,,,,,,,,,,,,,,,,,,,,,,,,,,,,,,,,5.9,,,
Low & middle income,LMY,"Intentional homicides (per 100,000 people)",VC.IHR.PSRC.P5,,,,,,,,,,,,,,,,,,,,,,,,,,,,,,,,,,,,,,,,,,,,,,,,,,,,,6.7,,,
Lesotho,LSO,"Intentional homicides (per 100,000 people)",VC.IHR.PSRC.P5,,,,,,,,,,,,,,,,,,,,,,,,,,,,,,,,,,,,,,,,,,,,,,,,45.761699656,38.1300264324,36.333977093,38.0303655544,,,,,
Lithuania,LTU,"Intentional homicides (per 100,000 people)",VC.IHR.PSRC.P5,,,,,,,,,,,,,,,,,,,,,,,,,,,,,,,,,,,,13.8326154335,11.2373766802,10.9305565806,8.7610174725,8.7691118394,,,,,10.2902294721,11.3180612526,8.8921301252,8.6831460449,9.4804521349,8.1238618131,7.1371376558,6.9938681224,6.7957684677,6.7624166073,,
Luxembourg,LUX,"Intentional homicides (per 100,000 people)",VC.IHR.PSRC.P5,,,,,,,,,,,,,,,,,,,,,,,,,,,,,,,,,,,,0.4907710504,0.967639709,0.953845787,0.9406983745,1.3932427726,0.9171976859,2.0448178635,1.3528016522,0.6711469454,0.4429207969,0.8736542994,1.5014725155,1.4696804915,1.6416654696,1.0037822515,1.9689496638,0.7872300409,,0.1913609973,,
Latvia,LVA,"Intentional homicides (per 100,000 people)",VC.IHR.PSRC.P5,,,,,,,,,,,,,,,,,,,,,,,,,,,,,,,,,,,,11.5565417851,10.8827316631,11.1521389557,10.3313512292,9.5319282133,10.0359226998,9.3377887519,9.2350408521,8.829520321,8.0171966654,5.6564158346,5.8251746756,4.3374799334,4.6299370796,5.1128205395,3.3484507914,3.3572896073,4.7869003202,3.4543219534,,
"Macao SAR, China",MAC,"Intentional homicides (per 100,000 people)",VC.IHR.PSRC.P5,,,,,,,,,,,,,,,,,,,,,,,,,,,,,,,,,,,,,,,6.0695476786,9.6726053393,5.0936891507,,,2.8843316449,2.1808253115,1.4952504438,2.2925837001,2.2303053896,1.5762677133,1.9171154314,0.7481865828,1.3018183291,1.2771144035,1.4323778331,,
St. Martin (French part),MAF,"Intentional homicides (per 100,000 people)",VC.IHR.PSRC.P5,,,,,,,,,,,,,,,,,,,,,,,,,,,,,,,,,,,,,,,,,,,,,,,,,,,,,,,,
Morocco,MAR,"Intentional homicides (per 100,000 people)",VC.IHR.PSRC.P5,,,,,,,,,,,,,,,,,,,,,,,,,,,,,,,,,,,,,,,,1.8984395319,1.6057054162,1.8710488307,1.5761762394,1.7237336869,1.5742324277,1.556823476,1.6384221442,1.6858465131,1.3761845323,1.3812258917,1.4253045601,1.384673516,1.1919087928,1.3233389051,,
Monaco,MCO,"Intentional homicides (per 100,000 people)",VC.IHR.PSRC.P5,,,,,,,,,,,,,,,,,,,,,,,,,,,,,,,,,,,,,,,,,,3.089661991,,,2.998860433,2.9578797918,2.9095987663,0,0,,,,,,,
Moldova,MDA,"Intentional homicides (per 100,000 people)",VC.IHR.PSRC.P5,,,,,,,,,,,,,,,,,,,,,,,,,,,,,,,,,,,,9.1040046096,9.2857343495,9.3244025237,8.4571304033,9.119053807,10.5425030873,10.1470606069,10.0528087396,8.186846945,7.2362245926,7.8575510933,7.0514630306,5.9085594605,6.489738788,6.8256014437,7.4726618125,8.7481073323,6.6944902331,5.0201853037,,
Madagascar,MDG,"Intentional homicides (per 100,000 people)",VC.IHR.PSRC.P5,,,,,,,,,,,,,,,,,,,,,,,,,,,,,,,,,,,,,,,,,,,,,0.7318432367,1.782356356,4.6318610637,3.0044876825,3.061206311,0.6879493474,0.6167119839,,,,,
Maldives,MDV,"Intentional homicides (per 100,000 people)",VC.IHR.PSRC.P5,,,,,,,,,,,,,,,,,,,,,,,,,,,,,,,,,,,,,,,,,,,,,,,,0.9732707412,1.5931532645,1.8769943065,1.8422199979,0.9097309788,2.9849567677,0.8816822497,,
Middle East & North Africa (all income levels),MEA,"Intentional homicides (per 100,000 people)",VC.IHR.PSRC.P5,,,,,,,,,,,,,,,,,,,,,,,,,,,,,,,,,,,,,,,,,,,,,,,,,,,,,3.8,,,
Mexico,MEX,"Intentional homicides (per 100,000 people)",VC.IHR.PSRC.P5,,,,,,,,,,,,,,,,,,,,,,,,,,,,,,,,,,,,16.919404883,15.4541353492,14.1992969609,14.07806997,12.4338048854,10.3366007113,9.763633956,9.4524493495,9.334947504,8.5288606717,8.9594837892,9.3224297177,7.810282865,12.1825162209,17.0095618423,21.8489996522,22.8381106185,21.5412829968,18.914257902,,
Marshall Islands,MHL,"Intentional homicides (per 100,000 people)",VC.IHR.PSRC.P5,,,,,,,,,,,,,,,,,,,,,,,,,,,,,,,,,,,,,,,,,,,,,,,,,,,,,3.8220488788,,,
Middle income,MIC,"Intentional homicides (per 100,000 people)",VC.IHR.PSRC.P5,,,,,,,,,,,,,,,,,,,,,,,,,,,,,,,,,,,,,,,,,,,,,,,,,,,,,6.2,,,
"Macedonia, FYR",MKD,"Intentional homicides (per 100,000 people)",VC.IHR.PSRC.P5,,,,,,,,,,,,,,,,,,,,,,,,,,,,,,,,,,,,,,,2.4091499515,1.8988815588,2.290304362,2.6633118622,2.892345456,3.3639840336,2.349299621,2.1052188375,2.1969614113,2.0032242371,1.6676442238,1.6662239272,2.0454605997,1.4197716715,1.3694714673,1.0366626454,,
Mali,MLI,"Intentional homicides (per 100,000 people)",VC.IHR.PSRC.P5,,,,,,,,,,,,,,,,,,,,,,,,,,,,,,,,,,,,,,,,,,,,,,,,,,,,,11.2066601614,,,
Malta,MLT,"Intentional homicides (per 100,000 people)",VC.IHR.PSRC.P5,,,,,,,,,,,,,,,,,,,,,,,,,,,,,,,,,,,,,,,1.2708773375,2.529474704,0.9815252411,1.4665767166,1.4616570806,0,1.6942178764,0.9644433836,0,0.955474871,1.4258690672,0.9459127112,0.9417570361,0.704536545,2.8068149637,1.6307517939,,
Myanmar,MMR,"Intentional homicides (per 100,000 people)",VC.IHR.PSRC.P5,,,,,,,,,,,,,,,,,,,,,,,,,,,,,,,,,,,,,,,,,,2.059548859,1.8168415446,1.6943288715,1.6380896875,1.4806394928,1.6930669601,1.6191557258,1.7000814749,1.5618788258,1.6829949592,2.3845492292,2.5177909791,,,
Middle East & North Africa (developing only),MNA,"Intentional homicides (per 100,000 people)",VC.IHR.PSRC.P5,,,,,,,,,,,,,,,,,,,,,,,,,,,,,,,,,,,,,,,,,,,,,,,,,,,,,4.2,,,
Montenegro,MNE,"Intentional homicides (per 100,000 people)",VC.IHR.PSRC.P5,,,,,,,,,,,,,,,,,,,,,,,,,,,,,,,,,,,,,,,,,,,,,,,,1.9423761735,3.8794211257,3.3903339963,2.4190505065,3.3795378086,2.7315881319,1.6043370539,,
Mongolia,MNG,"Intentional homicides (per 100,000 people)",VC.IHR.PSRC.P5,,,,,,,,,,,,,,,,,,,,,,,,,,,,,,,,,,,,,,,,,,,,13.8945432523,13.3400207031,15.7530055389,13.1275844932,11.2906482605,8.052159764,8.1954238101,8.8102868762,9.7510569816,7.2115326487,7.452450192,,
Northern Mariana Islands,MNP,"Intentional homicides (per 100,000 people)",VC.IHR.PSRC.P5,,,,,,,,,,,,,,,,,,,,,,,,,,,,,,,,,,,,,,,,,,,,,,,,,,,,,,,,
Mozambique,MOZ,"Intentional homicides (per 100,000 people)",VC.IHR.PSRC.P5,,,,,,,,,,,,,,,,,,,,,,,,,,,,,,,,,,,,,,,,4.871395631,,5.8555118385,5.3830523087,5.253237232,5.5286930116,5.1831533143,4.1413205726,3.8292568211,4.371219801,3.5229618563,3.65081289,,,,,
Mauritania,MRT,"Intentional homicides (per 100,000 people)",VC.IHR.PSRC.P5,,,,,,,,,,,,,,,,,,,,,,,,,,,,,,,,,,,,,,,,,,,,,,,,,,,,,11.3627452573,,,
Mauritius,MUS,"Intentional homicides (per 100,000 people)",VC.IHR.PSRC.P5,,,,,,,,,,,,,,,,,,,,,,,,,,,,,,,,,,,,2.1985791902,2.9553704296,2.0647150521,2.641780526,1.941796753,,,,,,,,,,3.0973858878,2.681490161,2.7488432625,,,,
Malawi,MWI,"Intentional homicides (per 100,000 people)",VC.IHR.PSRC.P5,,,,,,,,,,,,,,,,,,,,,,,,,,,,,,,,,,,,,,,,,6.1829284752,7.743157071,4.7540081655,2.4512329252,3.2699262023,1.5474191911,6.1694370896,5.0314436058,5.5169654823,2.1957906967,3.4635047178,2.2498346079,1.7867990563,,,
Malaysia,MYS,"Intentional homicides (per 100,000 people)",VC.IHR.PSRC.P5,,,,,,,,,,,,,,,,,,,,,,,,,,,,,,,,,,,,1.9111222003,2.1038163228,2.4791682152,2.8177913103,2.5713126,,2.1608525244,2.3142653569,2.2699283032,1.9593859891,2.3371478114,2.2334402371,2.4315820137,2.186625121,2.0186882312,1.9097579258,,,,,
North America,NAC,"Intentional homicides (per 100,000 people)",VC.IHR.PSRC.P5,,,,,,,,,,,,,,,,,,,,,,,,,,,,,,,,,,,,,,,,,,,,,,,,,,,,,4.4,,,
Namibia,NAM,"Intentional homicides (per 100,000 people)",VC.IHR.PSRC.P5,,,,,,,,,,,,,,,,,,,,,,,,,,,,,,,,,,,,22.5875525024,20.7528035391,18.6657472692,22.5787607644,20.4750425978,20.0215706079,18.2780142931,17.668358778,,17.5708324182,,,,16.7709640604,18.1012531852,14.4104981856,14.0336523504,17.4646311042,,,
New Caledonia,NCL,"Intentional homicides (per 100,000 people)",VC.IHR.PSRC.P5,,,,,,,,,,,,,,,,,,,,,,,,,,,,,,,,,,,,,,,,,,,,,,,3.4435706384,5.0871384422,4.5942638527,3.2931839326,,,,,,
Niger,NER,"Intentional homicides (per 100,000 people)",VC.IHR.PSRC.P5,,,,,,,,,,,,,,,,,,,,,,,,,,,,,,,,,,,,,,,,,,,,,,,,,,,,5.123283009,4.7160666784,,,
Nigeria,NGA,"Intentional homicides (per 100,000 people)",VC.IHR.PSRC.P5,,,,,,,,,,,,,,,,,,,,,,,,,,,,,,,,,,,,,,,,,,,,,,,,,,,,,10.2766150603,,,
Nicaragua,NIC,"Intentional homicides (per 100,000 people)",VC.IHR.PSRC.P5,,,,,,,,,,,,,,,,,,,,,,,,,,,,,,,,,,,,15.2467953695,13.9864158521,14.0731251188,13.0092595797,11.2318383576,9.3316499769,10.373433964,10.5552419256,11.9408530997,11.9933928659,13.363349849,13.0680459669,12.760178521,12.9852189041,13.9640267866,13.4828550469,12.5404216967,11.3329048524,,,
Netherlands,NLD,"Intentional homicides (per 100,000 people)",VC.IHR.PSRC.P5,,,,,,,,,,,,,,,,,,,,,,,,,,,,,,,,,,,,1.9387680005,1.3597882391,1.3328363392,1.1216831876,1.2868028793,1.1349404468,1.2664406885,1.2155312732,1.2520215965,1.1774595527,1.0673378545,0.7816405818,0.869679024,0.9088599485,0.9298797038,0.8666740535,0.8547207142,0.8627468639,0.7403916572,,
High income: nonOECD,NOC,"Intentional homicides (per 100,000 people)",VC.IHR.PSRC.P5,,,,,,,,,,,,,,,,,,,,,,,,,,,,,,,,,,,,,,,,,,,,,,,,,,,,,11,,,
Norway,NOR,"Intentional homicides (per 100,000 people)",VC.IHR.PSRC.P5,,,,,,,,,,,,,,,,,,,,,,,,,,,,,,,,,,,,0.9864430607,0.9805846519,0.8612694386,0.8560008362,0.8285441986,1.0909320835,0.8195408666,1.0139647189,1.1184178642,0.7845796963,0.7136079412,0.7067911276,0.6354478213,0.7116032987,0.599715156,0.5928953554,2.2671639939,0.5469946775,0.924411159,,
Nepal,NPL,"Intentional homicides (per 100,000 people)",VC.IHR.PSRC.P5,,,,,,,,,,,,,,,,,,,,,,,,,,,,,,,,,,,,,,2.533956337,2.7950922995,2.6442399304,2.7389369914,3.5848477448,3.5597432371,3.086579954,3.7557314026,3.6098288245,2.4693724669,3.4412302232,3.3867425297,3.0288254904,3.0470070494,2.8740709422,,,,
New Zealand,NZL,"Intentional homicides (per 100,000 people)",VC.IHR.PSRC.P5,,,,,,,,,,,,,,,,,,,,,,,,,,,,,,,,,,,,1.0884176041,1.2912451962,1.5990912897,1.2951074014,1.178822995,1.3478374467,1.3054105171,1.5144107541,1.094335174,1.1031912872,1.4755266965,1.1708426722,1.1340188162,1.1920940324,1.549870794,0.9844015846,0.8797480871,0.9141891435,1.036015834,,
High income: OECD,OEC,"Intentional homicides (per 100,000 people)",VC.IHR.PSRC.P5,,,,,,,,,,,,,,,,,,,,,,,,,,,,,,,,,,,,,,,,,,,,,,,,,,,,,2.1,,,
OECD members,OED,"Intentional homicides (per 100,000 people)",VC.IHR.PSRC.P5,,,,,,,,,,,,,,,,,,,,,,,,,,,,,,,,,,,,,,,,,,,,,,,,,,,,,4,,,
Oman,OMN,"Intentional homicides (per 100,000 people)",VC.IHR.PSRC.P5,,,,,,,,,,,,,,,,,,,,,,,,,,,,,,,,,,,,,,,,,,0.5806098637,0.6497981943,,,,,0.7004602413,0.6940366444,,,1.2090709755,,,,
Other small states,OSS,"Intentional homicides (per 100,000 people)",VC.IHR.PSRC.P5,,,,,,,,,,,,,,,,,,,,,,,,,,,,,,,,,,,,,,,,,,,,,,,,,,,,,14.8,,,
Pakistan,PAK,"Intentional homicides (per 100,000 people)",VC.IHR.PSRC.P5,,,,,,,,,,,,,,,,,,,,,,,,,,,,,,,,,,,,,6.9314568865,6.9300465725,7.4349700267,6.6062079709,6.1919455567,6.487940476,6.2768179317,6.1317422873,6.2642041102,6.0966726164,6.2446477223,6.4393995012,7.2206085977,7.3435865306,7.6280987231,7.8865685842,7.7502118898,,,
Panama,PAN,"Intentional homicides (per 100,000 people)",VC.IHR.PSRC.P5,,,,,,,,,,,,,,,,,,,,,,,,,,,,,,,,,,,,14.083317955,9.0785392484,11.3015512186,9.8829659871,9.8288198933,9.7878363709,9.8189935917,11.9555129072,10.4295074835,9.3239105328,10.8142506868,10.8210303663,12.7182949235,18.4044936232,22.6226448803,20.6354971877,20.2912732189,17.1972490521,17.1524218582,,
Peru,PER,"Intentional homicides (per 100,000 people)",VC.IHR.PSRC.P5,,,,,,,,,,,,,,,,,,,,,,,,,,,,,,,,,,,,,,,,,5.0076768995,4.9066526399,4.2499209406,4.8608715868,5.568561638,11.026833368,11.2055758317,10.357093815,11.6399193059,10.261176846,9.2574778311,9.6249471202,9.5716189982,6.6536813938,,
Philippines,PHL,"Intentional homicides (per 100,000 people)",VC.IHR.PSRC.P5,,,,,,,,,,,,,,,,,,,,,,,,,,,,,,,,,,,,,,,7.9861332742,7.536713528,7.385529318,7.3797800785,8.0947552558,7.7913260146,7.531639445,7.4969808747,7.0919572409,6.4573441505,6.4400986123,6.9302965401,9.5211777555,9.1178511294,8.7728880921,9.3129966629,,
Palau,PLW,"Intentional homicides (per 100,000 people)",VC.IHR.PSRC.P5,,,,,,,,,,,,,,,,,,,,,,,,,,,,,,,,,,,,,,,,,,,,,,,,,,,,,4.824425981,,,
Papua New Guinea,PNG,"Intentional homicides (per 100,000 people)",VC.IHR.PSRC.P5,,,,,,,,,,,,,,,,,,,,,,,,,,,,,,,,,,,,,,,,,8.6443663085,7.900023392,8.3034952238,10.4940256426,5.194620928,9.891798813,9.7665678215,8.128018797,9.2048744008,10.3954925622,10.3951846822,,,,,
Poland,POL,"Intentional homicides (per 100,000 people)",VC.IHR.PSRC.P5,,,,,,,,,,,,,,,,,,,,,,,,,,,,,,,,,,,,2.2218298928,2.2735001397,2.1021583305,4.8714474793,4.7474900059,2.2293819134,2.0253299879,1.8704016951,1.730699679,1.6559645922,1.4526386029,1.2829185444,1.3747365219,1.2045121549,1.2907924788,1.1413984865,1.1771022305,0.9887409644,0.7818633333,,
Puerto Rico,PRI,"Intentional homicides (per 100,000 people)",VC.IHR.PSRC.P5,,,,,,,,,,,,,,,,,,,,,,,,,,,,,,,,,,,,23.341144332,23.2564806675,19.2519500577,17.2257096358,15.5914196185,18.304015743,19.6612164476,20.5811852655,20.7922837642,21.1229512129,20.4990876444,19.9479273757,19.5515761753,21.643912844,24.0399353342,26.4983067232,,26.4944019272,,,
"Korea, Dem. Peopleâ€™s Rep.",PRK,"Intentional homicides (per 100,000 people)",VC.IHR.PSRC.P5,,,,,,,,,,,,,,,,,,,,,,,,,,,,,,,,,,,,,,,,,,,,,,,,,,,,,4.6928439446,,,
Portugal,PRT,"Intentional homicides (per 100,000 people)",VC.IHR.PSRC.P5,,,,,,,,,,,,,,,,,,,,,,,,,,,,,,,,,,,,,1.042379205,1.1164123287,1.2192345665,1.0589033958,1.1255369588,1.0144280655,1.1447117683,1.4273355448,1.3742920726,1.2653450439,1.4710486707,1.7525740576,1.1731447118,1.2286553039,1.1709389571,1.069916331,1.1419261052,1.3442405578,,
Paraguay,PRY,"Intentional homicides (per 100,000 people)",VC.IHR.PSRC.P5,,,,,,,,,,,,,,,,,,,,,,,,,,,,,,,,,,,,,,,16.7055356603,12.1139976861,18.5972513823,24.0631972078,24.6258954932,22.6138833405,20.868826737,18.224407495,15.5284124227,12.7830786649,13.3579110344,12.9344644872,11.4710836583,10.0010189775,9.7152782898,8.8940342326,,
Pacific island small states,PSS,"Intentional homicides (per 100,000 people)",VC.IHR.PSRC.P5,,,,,,,,,,,,,,,,,,,,,,,,,,,,,,,,,,,,,,,,,,,,,,,,,,,,,4,,,
French Polynesia,PYF,"Intentional homicides (per 100,000 people)",VC.IHR.PSRC.P5,,,,,,,,,,,,,,,,,,,,,,,,,,,,,,,,,,,,,,,,,,,,,,,1.1640043301,2.6885747097,3.4236544087,0.3767727156,,,,,,
Qatar,QAT,"Intentional homicides (per 100,000 people)",VC.IHR.PSRC.P5,,,,,,,,,,,,,,,,,,,,,,,,,,,,,,,,,,,,,,,0.911032236,0.5264358538,,,,,,,,,,,,,8.0556690673,,,
Romania,ROU,"Intentional homicides (per 100,000 people)",VC.IHR.PSRC.P5,,,,,,,,,,,,,,,,,,,,,,,,,,,,,,,,,,,,3.3420110988,3.1993073189,3.0847362355,2.5075365777,2.5400882928,2.5013004529,2.6759190415,2.5303866629,2.4818040076,2.3287128992,2.0666329493,1.9850073932,1.8895402907,2.1397715143,1.8116842316,1.8479996502,1.5359382867,1.7370992946,1.5476698857,,
Russian Federation,RUS,"Intentional homicides (per 100,000 people)",VC.IHR.PSRC.P5,,,,,,,,,,,,,,,,,,,,,,,,,,,,,,,,,,,,,,,,,,,,,,,,,11.5655227931,11.1030891203,10.1477592144,9.6907064305,9.2159798676,9.000347747,,
Rwanda,RWA,"Intentional homicides (per 100,000 people)",VC.IHR.PSRC.P5,,,,,,,,,,,,,,,,,,,,,,,,,,,,,,,,,,,,,,,,,,,,,,,4.9167027742,4.7541619818,4.2844729624,3.5803597986,4.6139371168,,,,,
South Asia,SAS,"Intentional homicides (per 100,000 people)",VC.IHR.PSRC.P5,,,,,,,,,,,,,,,,,,,,,,,,,,,,,,,,,,,,,,,,,,,,,,,,,,,,,3.9,,,
Saudi Arabia,SAU,"Intentional homicides (per 100,000 people)",VC.IHR.PSRC.P5,,,,,,,,,,,,,,,,,,,,,,,,,,,,,,,,,,,,,,,,0.9397861159,,,,,,,,,,,,,6.2426830168,,,
Sudan,SDN,"Intentional homicides (per 100,000 people)",VC.IHR.PSRC.P5,,,,,,,,,,,,,,,,,,,,,,,,,,,,,,,,,,,,,,,,,,,,,,,,,,,,,6.5422211762,,,
Senegal,SEN,"Intentional homicides (per 100,000 people)",VC.IHR.PSRC.P5,,,,,,,,,,,,,,,,,,,,,,,,,,,,,,,,,,,,,,,,,,,,,,,,,,,,,8.0624573603,,,
Singapore,SGP,"Intentional homicides (per 100,000 people)",VC.IHR.PSRC.P5,,,,,,,,,,,,,,,,,,,,,,,,,,,,,,,,,,,,1.464812616,0.8667602209,1.0624696753,0.9837121201,1.0403951629,0.9443138144,0.745659516,0.5318841585,0.5640733239,0.4799546923,0.4671299558,0.3684191136,0.3803836169,0.5568530461,0.4028755646,0.374091671,0.3077942737,0.2069404311,0.3129140757,,
Solomon Islands,SLB,"Intentional homicides (per 100,000 people)",VC.IHR.PSRC.P5,,,,,,,,,,,,,,,,,,,,,,,,,,,,,,,,,,,,,,,,,,,,,4.3684623231,5.5400953749,4.7842411258,5.2829636613,3.7732776477,,,,,,,
Sierra Leone,SLE,"Intentional homicides (per 100,000 people)",VC.IHR.PSRC.P5,,,,,,,,,,,,,,,,,,,,,,,,,,,,,,,,,,,,,,,,,,,,,2.2726465679,1.9336334046,1.9125495251,2.4741438124,3.326019104,2.800831457,2.8338087642,3.1024084487,1.8243115129,,,
El Salvador,SLV,"Intentional homicides (per 100,000 people)",VC.IHR.PSRC.P5,,,,,,,,,,,,,,,,,,,,,,,,,,,,,,,,,,,,139.1320788481,117.2772815154,112.5686599466,94.9967310849,65.0471807757,39.2864730682,36.8736799949,37.0154126586,36.4383253563,45.8324607866,62.2145139314,64.4283818175,57.1129742647,51.6761338514,70.8661977617,64.1182851294,70.1605846949,41.4706411972,39.7926054971,,
San Marino,SMR,"Intentional homicides (per 100,000 people)",VC.IHR.PSRC.P5,,,,,,,,,,,,,,,,,,,,,,,,,,,,,,,,,,,,,,,,,,0,3.5632839225,0,0,0,0,0,0,0,0,0,,,,
Somalia,SOM,"Intentional homicides (per 100,000 people)",VC.IHR.PSRC.P5,,,,,,,,,,,,,,,,,,,,,,,,,,,,,,,,,,,,,,,,,,,,,,,,,,,,,5.5767792343,,,
Serbia,SRB,"Intentional homicides (per 100,000 people)",VC.IHR.PSRC.P5,,,,,,,,,,,,,,,,,,,,,,,,,,,,,,,,,,,,,,,,,2.2195300145,2.378786627,1.9696925379,1.7443502132,1.6361377333,1.4764433464,1.5774725593,1.7406807161,1.4342826543,1.4945507648,1.2749933685,1.3786666501,1.167118449,1.4502361391,,
Sub-Saharan Africa (developing only),SSA,"Intentional homicides (per 100,000 people)",VC.IHR.PSRC.P5,,,,,,,,,,,,,,,,,,,,,,,,,,,,,,,,,,,,,,,,,,,,,,,,,,,,,14.3,,,
South Sudan,SSD,"Intentional homicides (per 100,000 people)",VC.IHR.PSRC.P5,,,,,,,,,,,,,,,,,,,,,,,,,,,,,,,,,,,,,,,,,,,,,,,,,,,,,14.4155833209,,,
Sub-Saharan Africa (all income levels),SSF,"Intentional homicides (per 100,000 people)",VC.IHR.PSRC.P5,,,,,,,,,,,,,,,,,,,,,,,,,,,,,,,,,,,,,,,,,,,,,,,,,,,,,14.4,,,
Small states,SST,"Intentional homicides (per 100,000 people)",VC.IHR.PSRC.P5,,,,,,,,,,,,,,,,,,,,,,,,,,,,,,,,,,,,,,,,,,,,,,,,,,,,,17.4,,,
Sao Tome and Principe,STP,"Intentional homicides (per 100,000 people)",VC.IHR.PSRC.P5,,,,,,,,,,,,,,,,,,,,,,,,,,,,,,,,,,,,,,,,,,,,,,,2.518796519,2.4481302405,8.3208026008,2.8861694759,3.3664744036,3.3347901987,,,,
Suriname,SUR,"Intentional homicides (per 100,000 people)",VC.IHR.PSRC.P5,,,,,,,,,,,,,,,,,,,,,,,,,,,,,,,,,,,,,,,,,,,,,,,,,,,,,9.2802884867,,,
Slovak Republic,SVK,"Intentional homicides (per 100,000 people)",VC.IHR.PSRC.P5,,,,,,,,,,,,,,,,,,,,,,,,,,,,,,,,,,,,2.3841036906,2.453163624,2.5974531971,2.3718866209,2.6104584965,2.6540411024,2.3940102976,2.5612885731,2.7100064762,2.2641489825,1.9660616946,1.6489433053,1.6464047884,1.7357796254,1.5483745385,1.6380055571,1.7685573297,1.3805254657,1.4345421622,,
Slovenia,SVN,"Intentional homicides (per 100,000 people)",VC.IHR.PSRC.P5,,,,,,,,,,,,,,,,,,,,,,,,,,,,,,,,,,,,2.2378134528,1.9274781282,1.822088265,0.7073347072,1.2611116548,1.8094589466,1.4072246916,1.8089634137,1.054551444,1.3536697988,0.9998255304,0.5973013923,1.1880270633,0.4920121822,0.6359306699,0.7301998995,0.7801346582,0.6803840605,0.5812841716,,
Sweden,SWE,"Intentional homicides (per 100,000 people)",VC.IHR.PSRC.P5,,,,,,,,,,,,,,,,,,,,,,,,,,,,,,,,,,,,0.9403022494,1.096364692,1.0277917138,1.0505328913,1.1183297982,1.0820212698,0.9787989889,1.1334107494,0.9505964937,1.1913666668,0.8748457807,0.9681312108,1.1682300387,0.8338241526,0.9344494455,0.9699117391,0.8629406511,0.7204313632,0.9166511012,,
Swaziland,SWZ,"Intentional homicides (per 100,000 people)",VC.IHR.PSRC.P5,,,,,,,,,,,,,,,,,,,,,,,,,,,,,,,,,,,,,,,,,,18.7948762562,12.9368138291,13.2361578743,13.3362807123,13.7601141365,10.8204493974,14.9782770928,18.8053164449,15.9328197342,17.4328750499,,,,,
Sint Maarten (Dutch part),SXM,"Intentional homicides (per 100,000 people)",VC.IHR.PSRC.P5,,,,,,,,,,,,,,,,,,,,,,,,,,,,,,,,,,,,,,,,,,,,,,,,,,,,,,,,
Seychelles,SYC,"Intentional homicides (per 100,000 people)",VC.IHR.PSRC.P5,,,,,,,,,,,,,,,,,,,,,,,,,,,,,,,,,,,,,,,,,,,6.0524627471,11.8739461873,6.9970029504,3.4445541599,10.2029248385,5.6095317163,3.3369669195,5.5201651633,2.1927901061,,,,,
Syrian Arab Republic,SYR,"Intentional homicides (per 100,000 people)",VC.IHR.PSRC.P5,,,,,,,,,,,,,,,,,,,,,,,,,,,,,,,,,,,,,,1.9923987296,2.2104791977,2.11907493,2.1806576521,2.2513643507,2.1653840297,2.3412467087,2.4100458859,2.3668812327,2.3717204982,2.7247431265,2.6000125037,2.2632668088,2.150223333,,,,,
Turks and Caicos Islands,TCA,"Intentional homicides (per 100,000 people)",VC.IHR.PSRC.P5,,,,,,,,,,,,,,,,,,,,,,,,,,,,,,,,,,,,,,,0,0,0,0,9.1996320147,0,0,0,,,6.7840303925,6.6122260059,,,,,,
Chad,TCD,"Intentional homicides (per 100,000 people)",VC.IHR.PSRC.P5,,,,,,,,,,,,,,,,,,,,,,,,,,,,,,,,,,,,,,,,,,,,,,,,,,,,,9.413453473,,,
Togo,TGO,"Intentional homicides (per 100,000 people)",VC.IHR.PSRC.P5,,,,,,,,,,,,,,,,,,,,,,,,,,,,,,,,,,,,,,,,,,,,,,,,,,,,,9.4117646277,,,
Thailand,THA,"Intentional homicides (per 100,000 people)",VC.IHR.PSRC.P5,,,,,,,,,,,,,,,,,,,,,,,,,,,,,,,,,,,,7.6143973938,7.4247263601,7.8560729364,8.6943994493,8.0950331251,8.2478686309,7.9595275465,7.1130933725,9.9769977015,6.5650187287,7.3307468071,7.1140227892,6.7118738739,6.0043508124,5.5871286919,5.5028201125,4.9043466844,,,,
Tajikistan,TJK,"Intentional homicides (per 100,000 people)",VC.IHR.PSRC.P5,,,,,,,,,,,,,,,,,,,,,,,,,,,,,,,,,,,,7.5319406227,8.2589149356,8.3765321863,8.1457596593,5.8483670769,,,,,,,3.0627554273,2.179713895,1.6219369446,1.7590040868,2.0321669744,1.9319337745,1.3491034393,1.4621965809,,
Turkmenistan,TKM,"Intentional homicides (per 100,000 people)",VC.IHR.PSRC.P5,,,,,,,,,,,,,,,,,,,,,,,,,,,,,,,,,,,,6.4230983212,7.8262479233,8.2564747021,7.8493060645,7.214412103,,,,,,,,,,,,,4.3441552723,,,
Timor-Leste,TLS,"Intentional homicides (per 100,000 people)",VC.IHR.PSRC.P5,,,,,,,,,,,,,,,,,,,,,,,,,,,,,,,,,,,,,,,,,,,,,2.3785221518,4.620241277,4.813298062,5.9862547866,3.3325589101,3.0069790103,3.6129510399,,,,,
Tonga,TON,"Intentional homicides (per 100,000 people)",VC.IHR.PSRC.P5,,,,,,,,,,,,,,,,,,,,,,,,,,,,,,,,,,,,,,,,,1.0208039852,6.0911232031,6.0555292028,6.0185974662,1.9936402875,3.9619651347,7.8726984658,0.9776222272,3.8854944777,7.7252141333,0.9606332494,1.9090364937,0.9488389489,,,
Trinidad and Tobago,TTO,"Intentional homicides (per 100,000 people)",VC.IHR.PSRC.P5,,,,,,,,,,,,,,,,,,,,,,,,,,,,,,,,,,,,,,,,,9.4638716699,11.8678316528,13.3831824269,17.8367246477,20.1491189798,29.7625243555,28.4623139017,29.8464169033,41.5511728901,38.2603488194,35.6149221253,26.3768519145,28.3431605445,30.2171001114,,
Tunisia,TUN,"Intentional homicides (per 100,000 people)",VC.IHR.PSRC.P5,,,,,,,,,,,,,,,,,,,,,,,,,,,,,,,,,,,,,,,,,,,,,1.9603173462,2.5867166924,2.4507287867,2.6572105013,2.694520308,2.4259827894,2.6900354878,,3.0677355334,,,
Turkey,TUR,"Intentional homicides (per 100,000 people)",VC.IHR.PSRC.P5,,,,,,,,,,,,,,,,,,,,,,,,,,,,,,,,,,,,,,,,,,,,4.3025093244,4.3592973573,4.8787291131,4.6163035046,5.1786770942,4.6288196165,5.1824031865,4.2474414087,4.1896623303,4.3486250323,,,
Tuvalu,TUV,"Intentional homicides (per 100,000 people)",VC.IHR.PSRC.P5,,,,,,,,,,,,,,,,,,,,,,,,,,,,,,,,,,,,,,,,,,,0,0,0,0,0,0,0,0,10.1760455887,10.0892809645,20.0938565774,,,
Tanzania,TZA,"Intentional homicides (per 100,000 people)",VC.IHR.PSRC.P5,,,,,,,,,,,,,,,,,,,,,,,,,,,,,,,,,,,,,,,,,,,,,,,,,,,,,8.1939115701,,,
Uganda,UGA,"Intentional homicides (per 100,000 people)",VC.IHR.PSRC.P5,,,,,,,,,,,,,,,,,,,,,,,,,,,,,,,,,,,,,,,,,,,,7.9587373746,7.3792668747,8.675409451,9.0739590602,8.6075751803,8.7888783966,9.8374139888,9.2976143704,10.8114724699,11.6603972587,10.524691708,,
Ukraine,UKR,"Intentional homicides (per 100,000 people)",VC.IHR.PSRC.P5,,,,,,,,,,,,,,,,,,,,,,,,,,,,,,,,,,,,8.62060163,9.6428591054,8.4043732298,8.4135368694,8.6091457163,,,,7.5678978808,7.323425571,6.417609394,6.2532898577,5.6566344037,5.2473722782,4.7420094008,4.3170260642,,,,,
Upper middle income,UMC,"Intentional homicides (per 100,000 people)",VC.IHR.PSRC.P5,,,,,,,,,,,,,,,,,,,,,,,,,,,,,,,,,,,,,,,,,,,,,,,,,,,,,6.6,,,
Uruguay,URY,"Intentional homicides (per 100,000 people)",VC.IHR.PSRC.P5,,,,,,,,,,,,,,,,,,,,,,,,,,,,,,,,,,,,,,,,,6.4441507437,6.5529184234,6.9421487603,5.9240797604,5.8366543094,5.6538717744,6.0956988689,5.8111948775,6.599185762,6.7253277928,6.0795105075,5.9175672448,7.9292133825,7.7111945606,,
United States,USA,"Intentional homicides (per 100,000 people)",VC.IHR.PSRC.P5,,,,,,,,,,,,,,,,,,,,,,,,,,,,,,,,,,,,8.1126834078,7.2923030341,6.6783219425,6.1503103678,5.5574644944,5.4765660441,6.6194224532,5.5909978795,5.6432088703,5.4648716894,5.6143260456,5.7515890962,5.6381655511,5.3691883065,4.9755745945,4.7148553968,4.6562020549,4.6681483861,3.8246306543,,
Uzbekistan,UZB,"Intentional homicides (per 100,000 people)",VC.IHR.PSRC.P5,,,,,,,,,,,,,,,,,,,,,,,,,,,,,,,,,,,,5.0481346401,4.9384403917,4.4375729894,4.4140637126,4.143944616,,,,,,,,,,,,,3.2639617462,,,
St. Vincent and the Grenadines,VCT,"Intentional homicides (per 100,000 people)",VC.IHR.PSRC.P5,,,,,,,,,,,,,,,,,,,,,,,,,,,,,,,,,,,,18.5036128304,22.21214449,8.3349540188,22.2413745169,12.9787056522,18.5361965578,11.1122429136,18.4928340268,16.6123688315,25.7917134909,21.1496197666,11.936680501,33.0138933468,14.6576522106,18.3068037236,22.8694793077,19.1620239544,25.5136210845,,,
"Venezuela, RB",VEN,"Intentional homicides (per 100,000 people)",VC.IHR.PSRC.P5,,,,,,,,,,,,,,,,,,,,,,,,,,,,,,,,,,,,20.3359133455,22.0496258364,18.3997880693,19.424241573,24.9851242639,32.866875266,32.0058659193,37.961409545,43.9659794337,37.0087938438,37.2821911272,45.0776109433,47.5702558912,51.8806476969,48.9276158169,45.0362309247,47.7734628637,53.6196757467,,,
Virgin Islands (U.S.),VIR,"Intentional homicides (per 100,000 people)",VC.IHR.PSRC.P5,,,,,,,,,,,,,,,,,,,,,,,,,,,,,,,,,,,,,,,,24.9,22.1175733336,25.8038355558,37.8152035565,28.6350326532,34.2484773312,32.4771731868,40.0156340152,40.1433959446,42.1395662434,46.9351356425,52.6404842925,,,,,
Vietnam,VNM,"Intentional homicides (per 100,000 people)",VC.IHR.PSRC.P5,,,,,,,,,,,,,,,,,,,,,,,,,,,,,,,,,,,,,,,,,,1.2284536089,1.2925862655,1.2705063352,1.2632106673,1.2395840215,1.2221912852,1.3494590454,1.2498683318,1.3979592312,1.5003245968,1.5119127097,,,,
Vanuatu,VUT,"Intentional homicides (per 100,000 people)",VC.IHR.PSRC.P5,,,,,,,,,,,,,,,,,,,,,,,,,,,,,,,,,,,,,,,,,,,,,,,,,,,,,2.8450126522,,,
West Bank and Gaza,PSE,"Intentional homicides (per 100,000 people)",VC.IHR.PSRC.P5,,,,,,,,,,,,,,,,,,,,,,,,,,,,,,,,,,,,1.1940119147,4.4123422036,1.5798570335,1.5120302164,1.7449125298,,,,2.7432848618,4.1550337661,4.0731984665,,,1.2573505894,1.1241595949,0.7475927513,0.5669102779,0.6286845932,,,
World,WLD,"Intentional homicides (per 100,000 people)",VC.IHR.PSRC.P5,,,,,,,,,,,,,,,,,,,,,,,,,,,,,,,,,,,,,,,,,,,,,,,,,,,,,6.2,,,
Samoa,WSM,"Intentional homicides (per 100,000 people)",VC.IHR.PSRC.P5,,,,,,,,,,,,,,,,,,,,,,,,,,,,,,,,,,,,,,,,,,,,,,,,,,8.6625086625,8.6008095512,,,3.1713552431,,
"Yemen, Rep.",YEM,"Intentional homicides (per 100,000 people)",VC.IHR.PSRC.P5,,,,,,,,,,,,,,,,,,,,,,,,,,,,,,,,,,,,,,,,,3.9777345027,,,3.6894749238,3.2937848014,4.6922338961,4.3316832282,4.0128104015,4.0269870797,4.4535164223,4.8280086709,5.9058311079,6.7880041865,6.999205918,,
South Africa,ZAF,"Intentional homicides (per 100,000 people)",VC.IHR.PSRC.P5,,,,,,,,,,,,,,,,,,,,,,,,,,,,,,,,,,,,64.9165265782,60.390167428,57.1123953327,57.7416814073,51.2128709518,48.5168381614,47.0302945186,46.6638436986,42.2965886982,39.5200936218,38.4117097998,39.2523540629,37.2700899937,36.1028583724,33.0794874696,30.9801192373,29.8866169128,30.7373492552,31.8636576782,,
"Congo, Dem. Rep.",COD,"Intentional homicides (per 100,000 people)",VC.IHR.PSRC.P5,,,,,,,,,,,,,,,,,,,,,,,,,,,,,,,,,,,,,,,,,,,,,,,,,,,,,13.4759142347,,,
Zambia,ZMB,"Intentional homicides (per 100,000 people)",VC.IHR.PSRC.P5,,,,,,,,,,,,,,,,,,,,,,,,,,,,,,,,,,,,,,,9.0063496831,10.7791614275,,,,,,,,,5.5713763555,6.3313687117,6.1587419521,,,,,
Zimbabwe,ZWE,"Intentional homicides (per 100,000 people)",VC.IHR.PSRC.P5,,,,,,,,,,,,,,,,,,,,,,,,,,,,,,,,,,,,,,,,,,12.1476824502,12.8392533393,10.7313891476,10.6830140943,10.6210656328,8.4248196444,,,,5.437035988,,7.5308042555,,,
